Order_ID,Customer,Product,SKU,Quantity,Priority,Order_Date,Deadline,Status,Location
ORD1001,Aarav,Black T-Shirt,TS-BLK-M,2,High,2026-09-28,2026-10-01 16:00,Picking,Rack A1
ORD1002,Diya,Blue Jeans,JN-BLU-32,1,Normal,2026-09-28,2026-10-02 16:00,Packing,Rack B2
ORD1003,Rohan,Running Shoes,SH-BLK-08,1,High,2026-09-27,2026-09-30 12:00,Processing,Rack C1
ORD1004,Ananya,Grey Hoodie,HD-GRY-L,2,Normal,2026-09-29,2026-10-03 16:00,Processing,Rack A3
ORD1005,Kabir,White Shirt,ST-WHT-M,3,High,2026-09-29,2026-10-01 18:00,Picking,Rack B1
ORD1006,Meera,Black T-Shirt,TS-BLK-S,1,Normal,2026-09-29,2026-10-03 12:00,Staging,Dock 1
ORD1007,Vivaan,Blue Jeans,JN-BLU-34,2,High,2026-09-30,2026-10-01 15:00,Delayed,Rack B4
ORD1008,Ishita,Sports Cap,CP-BLK-OS,2,Normal,2026-09-30,2026-10-03 17:00,Packing,Rack C2
ORD1009,Advik,Running Shoes,SH-WHT-09,1,Normal,2026-09-30,2026-10-04 16:00,Processing,Rack C3
ORD1010,Saanvi,Denim Jacket,JK-BLU-M,1,High,2026-09-30,2026-10-01 17:00,Picking,Rack A4
ORD1011,Arjun,Black T-Shirt,TS-BLK-L,4,Normal,2026-09-30,2026-10-04 18:00,Processing,Rack A1
ORD1012,Myra,White Sneakers,SH-WHT-07,1,High,2026-09-30,2026-10-02 14:00,Packing,Rack C4
ORD1013,Reyansh,Grey Hoodie,HD-GRY-M,1,Normal,2026-09-30,2026-10-05 16:00,Processing,Rack A3
ORD1014,Kiara,Black Cap,CP-BLK-OS,3,Normal,2026-09-30,2026-10-04 15:00,Staging,Dock 2
ORD1015,Atharv,Blue Jeans,JN-BLU-30,1,High,2026-09-30,2026-10-01 13:00,Delayed,Rack B3
ORD1016,Avni,White Shirt,ST-WHT-S,2,Normal,2026-09-30,2026-10-05 17:00,Processing,Rack B1
ORD1017,Vivaan,Running Shoes,SH-BLK-09,1,High,2026-09-30,2026-10-02 16:00,Picking,Rack C1
ORD1018,Tara,Denim Jacket,JK-BLU-L,1,Normal,2026-09-30,2026-10-05 12:00,Packing,Rack A4
ORD1019,Yash,Grey Hoodie,HD-GRY-S,2,Normal,2026-09-30,2026-10-04 18:00,Processing,Rack A3
ORD1020,Nisha,Black T-Shirt,TS-BLK-M,1,High,2026-09-30,2026-10-01 14:00,Delayed,Rack A1
ORD1021,Karan,Blue Jeans,JN-BLU-32,1,Normal,2026-09-30,2026-10-05 16:00,Processing,Rack B2
ORD1022,Aanya,White Sneakers,SH-WHT-08,2,High,2026-09-30,2026-10-02 15:00,Picking,Rack C4
ORD1023,Dev,Sports Cap,CP-BLK-OS,1,Normal,2026-09-30,2026-10-04 16:00,Packing,Rack C2
ORD1024,Riya,White Shirt,ST-WHT-M,2,Normal,2026-09-30,2026-10-05 17:00,Processing,Rack B1
ORD1025,Manav,Running Shoes,SH-BLK-08,1,High,2026-09-30,2026-10-01 12:00,Delayed,Rack C1
ORD1026,Sara,Denim Jacket,JK-BLU-M,1,Normal,2026-09-30,2026-10-05 16:00,Staging,Dock 1
ORD1027,Neil,Grey Hoodie,HD-GRY-L,2,Normal,2026-09-30,2026-10-06 16:00,Processing,Rack A3
ORD1028,Ira,Black T-Shirt,TS-BLK-S,2,High,2026-09-30,2026-10-02 17:00,Picking,Rack A1
ORD1029,Aditi,Blue Jeans,JN-BLU-34,1,Normal,2026-09-30,2026-10-06 15:00,Processing,Rack B4
ORD1030,Rudra,White Sneakers,SH-WHT-09,1,High,2026-09-30,2026-10-03 16:00,Packing,Rack C4
ORD1031,Pihu,Sports Cap,CP-BLK-OS,2,Normal,2026-09-30,2026-10-06 17:00,Processing,Rack C2
ORD1032,Aarav,White Shirt,ST-WHT-L,1,Normal,2026-09-30,2026-10-05 14:00,Picking,Rack B1
ORD1033,Diya,Running Shoes,SH-BLK-07,1,High,2026-09-30,2026-10-02 13:00,Delayed,Rack C1
ORD1034,Rohan,Denim Jacket,JK-BLU-S,2,Normal,2026-09-30,2026-10-06 16:00,Processing,Rack A4
ORD1035,Ananya,Grey Hoodie,HD-GRY-M,1,High,2026-09-30,2026-10-03 15:00,Packing,Rack A3
ORD1036,Kabir,Black T-Shirt,TS-BLK-L,3,Normal,2026-09-30,2026-10-07 16:00,Processing,Rack A1
ORD1037,Meera,Blue Jeans,JN-BLU-30,1,High,2026-09-30,2026-10-02 12:00,Picking,Rack B3
ORD1038,Ishita,White Sneakers,SH-WHT-07,1,Normal,2026-09-30,2026-10-07 17:00,Processing,Rack C4
ORD1039,Advik,Sports Cap,CP-BLK-OS,2,Normal,2026-09-30,2026-10-06 15:00,Staging,Dock 2
ORD1040,Saanvi,White Shirt,ST-WHT-S,1,High,2026-09-30,2026-10-03 14:00,Packing,Rack B1
ORD1041,Arjun,Running Shoes,SH-BLK-09,1,Normal,2026-09-30,2026-10-07 16:00,Processing,Rack C1
ORD1042,Myra,Denim Jacket,JK-BLU-L,1,High,2026-09-30,2026-10-04 13:00,Picking,Rack A4
ORD1043,Reyansh,Grey Hoodie,HD-GRY-S,2,Normal,2026-09-30,2026-10-07 18:00,Processing,Rack A3
ORD1044,Kiara,Black T-Shirt,TS-BLK-M,2,High,2026-09-30,2026-10-03 12:00,Delayed,Rack A1
ORD1045,Atharv,Blue Jeans,JN-BLU-32,1,Normal,2026-09-30,2026-10-08 16:00,Processing,Rack B2
ORD1046,Avni,White Sneakers,SH-WHT-08,1,Normal,2026-09-30,2026-10-07 15:00,Packing,Rack C4
ORD1047,Yash,Sports Cap,CP-BLK-OS,3,High,2026-09-30,2026-10-04 17:00,Picking,Rack C2
ORD1048,Nisha,White Shirt,ST-WHT-M,2,Normal,2026-09-30,2026-10-08 18:00,Processing,Rack B1
ORD1049,Karan,Running Shoes,SH-BLK-08,1,High,2026-09-30,2026-10-05 13:00,Packing,Rack C1
ORD1050,Aanya,Denim Jacket,JK-BLU-M,1,Normal,2026-09-30,2026-10-08 16:00,Processing,Rack A4
