SKU,Product,Variant,Category,Department
SKU001,Black T-Shirt,Black-S,T-Shirt,Apparel
SKU002,Black T-Shirt,Black-M,T-Shirt,Apparel
SKU003,Black T-Shirt,Black-L,T-Shirt,Apparel
SKU004,Blue Jeans,Blue-30,Jeans,Apparel
SKU005,Blue Jeans,Blue-32,Jeans,Apparel
SKU006,Blue Jeans,Blue-34,Jeans,Apparel
SKU007,Running Shoes,Black-07,Shoes,Footwear
SKU008,Running Shoes,Black-08,Shoes,Footwear
SKU009,Running Shoes,Black-09,Shoes,Footwear
SKU010,Running Shoes,White-07,Shoes,Footwear
SKU011,Running Shoes,White-08,Shoes,Footwear
SKU012,Running Shoes,White-09,Shoes,Footwear
SKU013,Grey Hoodie,Grey-S,Hoodie,Apparel
SKU014,Grey Hoodie,Grey-M,Hoodie,Apparel
SKU015,Grey Hoodie,Grey-L,Hoodie,Apparel
SKU016,White Shirt,White-S,Shirt,Apparel
SKU017,White Shirt,White-M,Shirt,Apparel
SKU018,White Shirt,White-L,Shirt,Apparel
SKU019,Sports Cap,Black-OS,Cap,Accessories
SKU020,Denim Jacket,Blue-S,Jacket,Apparel
SKU021,Denim Jacket,Blue-M,Jacket,Apparel
SKU022,Denim Jacket,Blue-L,Jacket,Apparel
SKU023,White Sneakers,White-07,Shoes,Footwear
SKU024,White Sneakers,White-08,Shoes,Footwear
SKU025,White Sneakers,White-09,Shoes,Footwear
